dataset,method,fitness_rule,fitness,ACC,MCC,avg_odds_diff,stat_par_diff,eq_opp_diff,solution
adult_dataset_reader,mlp_kreg_initializer,mcc_parity,0.3897382728972962,0.849861802100608,0.5791462918843128,0.0722086557225596,0.1894080189870165,0.0553230127247436,"{'l2': 0.01, 'dropout': 0.02582051226617476}"
adult_dataset_reader,mlp_kreg_initializer,mcc_odds,0.4591756589927009,0.8438916528468767,0.565204453396199,0.106028794403498,0.1946701204542377,0.1239323248508093,"{'l2': 0.01, 'dropout': 0.058718718559916616}"
adult_dataset_reader,mlp_kreg_initializer,mcc_opportunity,0.5264021391278231,0.8556108347153123,0.5982762105469857,0.0709282443414421,0.1799174916594371,0.0718740714191625,"{'l2': 0.001, 'dropout': 0.11363242092591855}"
adult_dataset_reader,mlp_kreg_initializer,acc_parity,0.657937319731829,0.8505251520176893,0.5866951473764521,0.0964503606697287,0.1925878322858602,0.1113853939940896,"{'l2': 0.01, 'dropout': 0.14396715458275022}"
adult_dataset_reader,mlp_kreg_initializer,acc_odds,0.7230342835878877,0.8493090105030403,0.5795606021721986,0.1262747269151526,0.2023809523809523,0.161034370829877,"{'l2': 0.01, 'dropout': 0.05820540968833299}"
adult_dataset_reader,mlp_kreg_initializer,acc_opportunity,0.730295787242676,0.8476506357103372,0.5822178170525315,0.0983433342048226,0.196334070334295,0.1173548484676612,"{'l2': 0.0001, 'dropout': 0.08608628257964557}"
bank_dataset_reader,mlp_kreg_initializer,mcc_parity,0.5060302992560354,0.9016070842899312,0.5426555363529706,0.0713108219236632,0.0366252370969352,0.1175702657041929,"{'l2': 0.0001, 'dropout': 0.12441032344036364}"
bank_dataset_reader,mlp_kreg_initializer,mcc_odds,0.4042662605693374,0.9020990488684816,0.5157835009247065,0.111517240355369,0.1176032788749282,0.1575837955148299,"{'l2': 0.01, 'dropout': 0.12201908784588818}"
bank_dataset_reader,mlp_kreg_initializer,mcc_opportunity,0.4296395379500325,0.9047228599540832,0.5076376493759059,0.0589206380022343,0.0868523530711444,0.0779981114258734,"{'l2': 0.0001, 'dropout': 0.1840636645083672}"
bank_dataset_reader,mlp_kreg_initializer,acc_parity,0.7923823163860266,0.8983273204329288,0.5298375233162937,0.0714311306140242,0.1059450040469021,0.0997088248469464,"{'l2': 0.0001, 'dropout': 0.058277872466908444}"
bank_dataset_reader,mlp_kreg_initializer,acc_odds,0.86138450902885,0.9102984585109872,0.5477136900123907,0.0489139494821372,0.0843500840821044,0.0885672467067815,"{'l2': 0.001, 'dropout': 0.1999563355253872}"
bank_dataset_reader,mlp_kreg_initializer,acc_opportunity,0.8762629575519049,0.9050508363397836,0.5251197099401379,0.0250946798671197,0.0521628928692125,0.0287878787878786,"{'l2': 0.001, 'dropout': 0.06340546150023751}"
compas_dataset_reader,mlp_kreg_initializer,mcc_parity,0.0910134934913157,0.6442463533225283,0.2759723848566475,0.1698414302678265,0.1849588913653318,0.070085579724752,"{'l2': 0.01, 'dropout': 0.04555721986809146}"
compas_dataset_reader,mlp_kreg_initializer,mcc_odds,0.1388111434238832,0.660453808752026,0.3105397368119194,0.1717285933880361,0.1719815668202764,0.0724839247439866,"{'l2': 0.01, 'dropout': 0.07203755764841106}"
compas_dataset_reader,mlp_kreg_initializer,mcc_opportunity,0.1968158635445021,0.6636952998379254,0.3153107890465534,0.1692175654417834,0.1923785983703068,0.1184949255020513,"{'l2': 0.0001, 'dropout': 0.19016459190801444}"
compas_dataset_reader,mlp_kreg_initializer,acc_parity,0.4900925426902648,0.6507293354943274,0.2841530981462938,0.128408461804146,0.1606367928040626,0.1199927431059506,"{'l2': 0.01, 'dropout': 0.12275895819436798}"
compas_dataset_reader,mlp_kreg_initializer,acc_odds,0.4894694006500327,0.6539708265802269,0.3023522754096481,0.1645014259301941,0.1867621426654437,0.0820010618842547,"{'l2': 0.0001, 'dropout': 0.13073462307162606}"
compas_dataset_reader,mlp_kreg_initializer,acc_opportunity,0.4828007329154543,0.63290113452188,0.2591594224890754,0.2104198689184729,0.2183246562230055,0.1501004016064256,"{'l2': 0.0001, 'dropout': 0.03796876197291826}"
german_dataset_reader,mlp_kreg_initializer,mcc_parity,0.1137573586720661,0.7,0.2687038666658153,0.1537202380952381,0.1549465079937492,0.0907738095238095,"{'l2': 0.01, 'dropout': 0.01015794814707121}"
german_dataset_reader,mlp_kreg_initializer,mcc_odds,0.1872821228957032,0.71,0.3097695862976901,0.1224874634019869,0.140625,0.0406015037593985,"{'l2': 0.01, 'dropout': 0.054004429251807845}"
german_dataset_reader,mlp_kreg_initializer,mcc_opportunity,0.1984881314378756,0.725,0.2572002526499968,0.0571338383838384,0.0414438502673796,0.0587121212121212,"{'l2': 0.01, 'dropout': 0.09942292536658726}"
german_dataset_reader,mlp_kreg_initializer,acc_parity,0.5352945301542776,0.705,0.3167582259165622,0.168166860240031,0.1697054698457223,0.1815718157181571,"{'l2': 0.0001, 'dropout': 0.1384008599971069}"
german_dataset_reader,mlp_kreg_initializer,acc_odds,0.6382451352634078,0.71,0.2620737615419116,0.0717548647365922,0.0513282846495973,0.0999050783103938,"{'l2': 0.001, 'dropout': 0.08266332730827164}"
german_dataset_reader,mlp_kreg_initializer,acc_opportunity,0.7310585585585585,0.735,0.3622969697207376,0.0334629687827362,0.0516570350277155,0.0039414414414414,"{'l2': 0.001, 'dropout': 0.05043367910819851}"
adult_dataset_reader,mlp_kreg_initializer,mcc_parity,0.3679208881247016,0.847208402432283,0.5708324174413999,0.1007638637637379,0.2029115293166983,0.103974474927143,"{'l2': 0.01, 'dropout': 0.0001852030979697869}"
adult_dataset_reader,mlp_kreg_initializer,mcc_odds,0.4869791934856859,0.8476506357103372,0.5771093475184957,0.0901301540328097,0.182675633441887,0.1066333088505324,"{'l2': 0.001, 'dropout': 0.08589797190067287}"
adult_dataset_reader,mlp_kreg_initializer,mcc_opportunity,0.4382586995179773,0.8503040353786623,0.5878270083041632,0.1179152398187147,0.2082590481660372,0.1495683087861858,"{'l2': 0.0001, 'dropout': 0.014179654609672264}"
adult_dataset_reader,mlp_kreg_initializer,acc_parity,0.6545557019650489,0.8464344941956883,0.5757154429076164,0.0797716936709264,0.1918787922306394,0.0765452358028966,"{'l2': 0.01, 'dropout': 0.11268894332299795}"
adult_dataset_reader,mlp_kreg_initializer,acc_odds,0.7580914739505465,0.8500829187396352,0.5790571152245372,0.0919914447890886,0.1847774641620667,0.1044267098946318,"{'l2': 0.01, 'dropout': 0.11206400658707061}"
adult_dataset_reader,mlp_kreg_initializer,acc_opportunity,0.7221069256890152,0.8506357103372029,0.5813375557618047,0.105226755382585,0.1921192769065978,0.1285287846481876,"{'l2': 0.01, 'dropout': 0.19364299635289103}"
bank_dataset_reader,mlp_kreg_initializer,mcc_parity,0.4524662079484542,0.9020990488684816,0.5134782096685705,0.0444311361243718,0.0610120017201162,0.0681511470985155,"{'l2': 0.0001, 'dropout': 0.05520772890881211}"
bank_dataset_reader,mlp_kreg_initializer,mcc_odds,0.4076919187666691,0.8998032141685799,0.519687239719282,0.1119953209526128,0.0763906211025193,0.2205075445816187,"{'l2': 0.01, 'dropout': 0.12632996550009643}"
bank_dataset_reader,mlp_kreg_initializer,mcc_opportunity,0.4389366582876342,0.904394883568383,0.5258874607080498,0.046944481149876,0.083708764686953,0.0869508024204156,"{'l2': 0.0001, 'dropout': 0.07466047645408005}"
bank_dataset_reader,mlp_kreg_initializer,acc_parity,0.7584954322831491,0.9070186946539848,0.5622307539415465,0.1668307411399784,0.1485232623708358,0.25,"{'l2': 0.01, 'dropout': 0.1405027640119291}"
bank_dataset_reader,mlp_kreg_initializer,acc_odds,0.8017520075277441,0.9006231551328304,0.5295423417429396,0.0988711476050863,0.1392518220467658,0.1400945156075114,"{'l2': 0.01, 'dropout': 0.12517529326386012}"
bank_dataset_reader,mlp_kreg_initializer,acc_opportunity,0.7304102303980519,0.902755001639882,0.5453608425071897,0.0898212135731485,0.0601402530274939,0.1723447712418301,"{'l2': 0.01, 'dropout': 0.1895735557475109}"
compas_dataset_reader,mlp_kreg_initializer,mcc_parity,0.0594171347990825,0.6256077795786061,0.2409081850845333,0.1638063921414408,0.1814910502854507,0.1257884599585573,"{'l2': 0.01, 'dropout': 0.028244306997208382}"
compas_dataset_reader,mlp_kreg_initializer,mcc_odds,0.1899476905727023,0.6912479740680713,0.3742408234460285,0.1842931328733261,0.2094594594594594,0.1561942754196004,"{'l2': 0.01, 'dropout': 0.08348241170681074}"
compas_dataset_reader,mlp_kreg_initializer,mcc_opportunity,0.1632988446313312,0.6564019448946515,0.3049653534487881,0.200495314234552,0.2293979026746789,0.1416665088174569,"{'l2': 0.01, 'dropout': 0.0018789890204145455}"
compas_dataset_reader,mlp_kreg_initializer,acc_parity,0.4147604680579112,0.6491085899513777,0.2830869883423629,0.2203388333662482,0.2343481218934664,0.1600654218345373,"{'l2': 0.001, 'dropout': 0.10282807985827766}"
compas_dataset_reader,mlp_kreg_initializer,acc_odds,0.4807842902773017,0.6701782820097245,0.3219750977443042,0.1893939917324227,0.2056334786298965,0.1070774571490561,"{'l2': 0.001, 'dropout': 0.05078595776293524}"
compas_dataset_reader,mlp_kreg_initializer,acc_opportunity,0.5279968534781323,0.6442463533225283,0.2729044832712862,0.1397635059030592,0.1677087796929337,0.116249499844396,"{'l2': 0.01, 'dropout': 0.1327644568130684}"
german_dataset_reader,mlp_kreg_initializer,mcc_parity,0.2206344953707041,0.73,0.2871027493389582,0.0595893403232852,0.066468253968254,0.0715596330275228,"{'l2': 0.01, 'dropout': 0.13307806700394006}"
german_dataset_reader,mlp_kreg_initializer,mcc_odds,0.2694360852444378,0.78,0.430248737169475,0.1608126519250372,0.1626819126819126,0.1213047910295617,"{'l2': 0.01, 'dropout': 0.059737467825090255}"
german_dataset_reader,mlp_kreg_initializer,mcc_opportunity,0.3014715483663159,0.745,0.3850574069521745,0.0572391535492221,0.0778588807785888,0.0835858585858585,"{'l2': 0.001, 'dropout': 0.17743284236901227}"
german_dataset_reader,mlp_kreg_initializer,acc_parity,0.5845021037868163,0.75,0.3222084917749405,0.1361460161460161,0.1654978962131836,0.105019305019305,"{'l2': 0.01, 'dropout': 0.18166606942357547}"
german_dataset_reader,mlp_kreg_initializer,acc_odds,0.623983958707236,0.735,0.3356676322952547,0.111016041292764,0.1036911121903836,0.0816812053925456,"{'l2': 0.01, 'dropout': 0.1359734435252143}"
german_dataset_reader,mlp_kreg_initializer,acc_opportunity,0.7188905180840665,0.725,0.302639523306542,0.028636136306804,0.0193014705882352,0.0061094819159335,"{'l2': 0.0001, 'dropout': 0.022064765982736358}"
adult_dataset_reader,mlp_kreg_initializer,mcc_parity,0.3890426263906865,0.8482034273079049,0.5854602625404117,0.0812204156938044,0.1964176361497251,0.0747427349945875,"{'l2': 0.0001, 'dropout': 0.15817487052240908}"
adult_dataset_reader,mlp_kreg_initializer,mcc_odds,0.4980305275260068,0.8493090105030403,0.5672085245023522,0.0691779969763453,0.1718733933694877,0.0675142366119985,"{'l2': 0.01, 'dropout': 0.10368910747057021}"
adult_dataset_reader,mlp_kreg_initializer,mcc_opportunity,0.4301392388389289,0.846987285793256,0.5674030174870504,0.1130783942132792,0.1925346114739249,0.1372637786481214,"{'l2': 0.01, 'dropout': 0.08272952106137416}"
adult_dataset_reader,mlp_kreg_initializer,acc_parity,0.6564429293044207,0.8493090105030403,0.5784674303104541,0.1000849107148996,0.1928660811986196,0.1197507788161994,"{'l2': 0.001, 'dropout': 0.12656756822019632}"
adult_dataset_reader,mlp_kreg_initializer,acc_odds,0.7868573844533755,0.8583747927031509,0.5942326227901213,0.0715174082497753,0.1700344235538083,0.0752343444114328,"{'l2': 0.01, 'dropout': 0.17468239364400118}"
adult_dataset_reader,mlp_kreg_initializer,acc_opportunity,0.7688397596313031,0.8564953012714207,0.6084511766758728,0.0817557538365823,0.1926366975823519,0.0876555416401175,"{'l2': 0.01, 'dropout': 0.0712684893769765}"
bank_dataset_reader,mlp_kreg_initializer,mcc_parity,0.4085469056049534,0.9034109544112824,0.5492720320805015,0.087653683433194,0.140725126475548,0.1085892300845571,"{'l2': 0.01, 'dropout': 0.14345193978688905}"
bank_dataset_reader,mlp_kreg_initializer,mcc_odds,0.4808673836284746,0.9014430960970812,0.5159758978392562,0.0351085142107815,0.0660308524506486,0.0319964349376113,"{'l2': 0.001, 'dropout': 0.06550655687006393}"
bank_dataset_reader,mlp_kreg_initializer,mcc_opportunity,0.4860168943053159,0.9073466710396852,0.5352192202334507,0.0304082921856438,0.0690646569595863,0.0492023259281347,"{'l2': 0.0001, 'dropout': 0.157351441920716}"
bank_dataset_reader,mlp_kreg_initializer,acc_parity,0.7698922759770935,0.8948835683830764,0.5081617149145398,0.0773483933135484,0.1249912924059828,0.0683714670255719,"{'l2': 0.001, 'dropout': 0.054070430907202476}"
bank_dataset_reader,mlp_kreg_initializer,acc_odds,0.8873227876660382,0.8989832732043292,0.4755632709194368,0.011660485538291,0.0273375930210583,0.0166666666666666,"{'l2': 0.0001, 'dropout': 0.04203282633754117}"
bank_dataset_reader,mlp_kreg_initializer,acc_opportunity,0.8030747047473843,0.8958674975401771,0.4772495941368291,0.0631000821647548,0.0859199725942743,0.0927927927927927,"{'l2': 0.001, 'dropout': 0.1015802889128139}"
compas_dataset_reader,mlp_kreg_initializer,mcc_parity,0.1268947265877172,0.653160453808752,0.2919760416690323,0.1503086579148116,0.165081315081315,0.1196627634660421,"{'l2': 0.001, 'dropout': 0.001335629520880495}"
compas_dataset_reader,mlp_kreg_initializer,mcc_odds,0.1585581831933646,0.6693679092382496,0.3299878777343051,0.1714296945409404,0.2110898993405067,0.1672436255350827,"{'l2': 0.01, 'dropout': 0.188036185379986}"
compas_dataset_reader,mlp_kreg_initializer,mcc_opportunity,0.2421934321075535,0.6815235008103727,0.3554047641825779,0.1248417224912918,0.1590321453529001,0.1132113320750243,"{'l2': 0.01, 'dropout': 0.03082286665499627}"
compas_dataset_reader,mlp_kreg_initializer,acc_parity,0.475596159174896,0.6491085899513777,0.2858976262486435,0.140327298666948,0.1735124307764816,0.0987857415519968,"{'l2': 0.0001, 'dropout': 0.10542577918908674}"
compas_dataset_reader,mlp_kreg_initializer,acc_odds,0.5485229408007458,0.6555915721231766,0.2951709758563193,0.1070686313224308,0.1246025345622119,0.0536313647075626,"{'l2': 0.01, 'dropout': 0.04154522387147128}"
compas_dataset_reader,mlp_kreg_initializer,acc_opportunity,0.4759872229446626,0.6564019448946515,0.3069023827132044,0.197011694082645,0.2329676307379387,0.1804147219499888,"{'l2': 0.01, 'dropout': 0.1035532744334736}"
german_dataset_reader,mlp_kreg_initializer,mcc_parity,0.3188871982280299,0.775,0.3646859721191225,0.0451143451143451,0.0457987738910926,0.0235620235620236,"{'l2': 0.01, 'dropout': 0.14876132584489882}"
german_dataset_reader,mlp_kreg_initializer,mcc_odds,0.1814638630093586,0.72,0.2961764553108551,0.1147125923014965,0.1209324915007284,0.0438472418670439,"{'l2': 0.01, 'dropout': 0.11886662065335064}"
german_dataset_reader,mlp_kreg_initializer,mcc_opportunity,0.2211344811331098,0.705,0.2426298082359136,0.0688998374644453,0.0631497882171736,0.0214953271028037,"{'l2': 0.001, 'dropout': 0.11479959621273304}"
german_dataset_reader,mlp_kreg_initializer,acc_parity,0.6077922604564939,0.705,0.2091618231880081,0.1049993910607721,0.097207739543506,0.0822676896845694,"{'l2': 0.001, 'dropout': 0.19873086682045768}"
german_dataset_reader,mlp_kreg_initializer,acc_odds,0.6831112637362637,0.735,0.3374715342557611,0.0518887362637363,0.0555555555555555,0.0300595238095238,"{'l2': 0.01, 'dropout': 0.05926608255065589}"
adult_dataset_reader,mlp_kreg_initializer,mcc_parity,0.3847841815308555,0.8489773355444997,0.5764360182597911,0.0934136979983248,0.1916518367289356,0.1061585629198776,"{'l2': 0.001, 'dropout': 0.08955586828413259}"
adult_dataset_reader,mlp_kreg_initializer,mcc_odds,0.4772615477032831,0.8468767274737424,0.5705588735599448,0.0932973258566616,0.1869048772721609,0.1029483282674772,"{'l2': 0.01, 'dropout': 0.19184603665391278}"
adult_dataset_reader,mlp_kreg_initializer,mcc_opportunity,0.5130677972665604,0.8503040353786623,0.5837635655586817,0.0794207866471771,0.188745414978088,0.0706957682921213,"{'l2': 0.01, 'dropout': 0.07058359200890163}"
adult_dataset_reader,mlp_kreg_initializer,acc_parity,0.666609156952197,0.8462133775566612,0.5649644938218074,0.0977730058422403,0.1796042206044641,0.1235767027810365,"{'l2': 0.01, 'dropout': 0.17207132913229}"
adult_dataset_reader,mlp_kreg_initializer,acc_odds,0.7746805026224213,0.8476506357103372,0.5716827070821763,0.0729701330879158,0.1823433230770466,0.0657077264296552,"{'l2': 0.01, 'dropout': 0.07697641089439275}"
adult_dataset_reader,mlp_kreg_initializer,acc_opportunity,0.7936093274740671,0.8494195688225539,0.5787522375932368,0.0682161108488126,0.1819601946917498,0.0558102413484867,"{'l2': 0.01, 'dropout': 0.056309535203144204}"
bank_dataset_reader,mlp_kreg_initializer,mcc_parity,0.3770924938071467,0.8994752377828796,0.5119043067013381,0.0908420259204077,0.1348118128941913,0.1063632289866205,"{'l2': 0.01, 'dropout': 0.02537094611624161}"
bank_dataset_reader,mlp_kreg_initializer,mcc_odds,0.4749121289376168,0.9019350606756312,0.526069731812491,0.0511576028748741,0.0832249257207098,0.0487465181058496,"{'l2': 0.01, 'dropout': 0.10011784969518951}"
bank_dataset_reader,mlp_kreg_initializer,mcc_opportunity,0.2809562329920975,0.902918989832732,0.5282187743722859,0.1572402604942079,0.1355386621341591,0.2472625413801884,"{'l2': 0.0001, 'dropout': 0.1698504801699833}"
bank_dataset_reader,mlp_kreg_initializer,acc_parity,0.7068562089626952,0.8981633322400787,0.5294025112869323,0.1355652138202924,0.1913071232773835,0.135,"{'l2': 0.001, 'dropout': 0.1089425992381478}"
bank_dataset_reader,mlp_kreg_initializer,acc_odds,0.8306576074006665,0.9032469662184324,0.5116837542651136,0.0725893588177657,0.068528965981812,0.1153846153846153,"{'l2': 0.01, 'dropout': 0.13654584658547642}"
bank_dataset_reader,mlp_kreg_initializer,acc_opportunity,0.8796598205969399,0.9063627418825844,0.5310288911929694,0.0312476370297672,0.0814685403789142,0.0267029212856445,"{'l2': 0.01, 'dropout': 0.10987582138055174}"
compas_dataset_reader,mlp_kreg_initializer,mcc_parity,0.0830912528674633,0.6539708265802269,0.2890013911163113,0.1912205405117207,0.2059101382488479,0.1337138887899405,"{'l2': 0.0001, 'dropout': 0.014874619503253573}"
compas_dataset_reader,mlp_kreg_initializer,mcc_odds,0.1325200068054704,0.6661264181523501,0.3278354393976858,0.1953154325922153,0.2166695180369537,0.1524270439080887,"{'l2': 0.0001, 'dropout': 0.09825359097678471}"
compas_dataset_reader,mlp_kreg_initializer,mcc_opportunity,0.1979355108654807,0.6645056726094003,0.3187133458790946,0.1546969532210927,0.1724254663460416,0.1207778350136139,"{'l2': 0.01, 'dropout': 0.051294014127971264}"
compas_dataset_reader,mlp_kreg_initializer,acc_parity,0.4386040369169312,0.6320907617504052,0.2516120234083916,0.1818504011703509,0.193486724833474,0.1512200047735326,"{'l2': 0.001, 'dropout': 0.029235846371672827}"
compas_dataset_reader,mlp_kreg_initializer,acc_odds,0.4703335752113964,0.6361426256077796,0.2778883640877763,0.1658090503963832,0.1958441884912473,0.1403930482359094,"{'l2': 0.001, 'dropout': 0.06493297382125028}"
compas_dataset_reader,mlp_kreg_initializer,acc_opportunity,0.5666900845535192,0.660453808752026,0.3183098123228335,0.1269098305711577,0.1549208013044491,0.0937637241985067,"{'l2': 0.01, 'dropout': 0.18148562013482772}"
german_dataset_reader,mlp_kreg_initializer,mcc_parity,0.3523288282995143,0.755,0.4092167902969653,0.053694899210464,0.056887961997451,0.0042553191489361,"{'l2': 0.001, 'dropout': 0.18625538570342212}"
german_dataset_reader,mlp_kreg_initializer,mcc_odds,0.2003583224967024,0.73,0.3137903400405621,0.1134320175438596,0.0450367647058823,0.0229166666666666,"{'l2': 0.01, 'dropout': 0.1998709318731039}"
german_dataset_reader,mlp_kreg_initializer,mcc_opportunity,0.3162024151545731,0.74,0.332148361100519,0.0674967824967824,0.0342399222923749,0.0159459459459458,"{'l2': 0.01, 'dropout': 0.07534796454455914}"
german_dataset_reader,mlp_kreg_initializer,acc_parity,0.6905803788246722,0.795,0.5157158087305062,0.0712649753347428,0.1044196211753278,0.0833333333333333,"{'l2': 0.001, 'dropout': 0.18843708782519727}"
german_dataset_reader,mlp_kreg_initializer,acc_odds,0.5771479020670178,0.765,0.4091596821648823,0.1878520979329822,0.1988603988603988,0.1603931910812754,"{'l2': 0.01, 'dropout': 0.07613108037474185}"
german_dataset_reader,mlp_kreg_initializer,acc_opportunity,0.6833718778908418,0.725,0.2530252512535889,0.0505759658164838,0.0115864527629233,0.0416281221091582,"{'l2': 0.001, 'dropout': 0.13663924613507508}"
adult_dataset_reader,mlp_kreg_initializer,mcc_parity,0.3986229409796939,0.8486456605859591,0.5724907710310946,0.0750595816643547,0.1738678300514006,0.0836086001323767,"{'l2': 0.0001, 'dropout': 0.050756236287894156}"
adult_dataset_reader,mlp_kreg_initializer,mcc_odds,0.5164969904811042,0.8482034273079049,0.5734925221200251,0.0569955316389208,0.1769792181961382,0.0390426457789381,"{'l2': 0.0001, 'dropout': 0.17531446238533965}"
adult_dataset_reader,mlp_kreg_initializer,mcc_opportunity,0.5608036145258558,0.852072968490879,0.5875893288115701,0.0484019785700831,0.1719595460130989,0.0267857142857143,"{'l2': 0.0001, 'dropout': 0.14468225377499494}"
adult_dataset_reader,mlp_kreg_initializer,acc_parity,0.6846600858083729,0.8500829187396352,0.5720549804788265,0.0665990099930763,0.1654228329312623,0.062557199272864,"{'l2': 0.001, 'dropout': 0.19063844689917517}"
adult_dataset_reader,mlp_kreg_initializer,acc_odds,0.7706912768471585,0.8491984521835269,0.5725207953461249,0.0785071753363683,0.1729733332597126,0.0920814245628317,"{'l2': 0.0001, 'dropout': 0.15611218768916618}"
adult_dataset_reader,mlp_kreg_initializer,acc_opportunity,0.7952226470474646,0.8519624101713654,0.587776423806651,0.0672751301790345,0.1821598336121693,0.0567397631239008,"{'l2': 0.01, 'dropout': 0.057256375053701805}"
bank_dataset_reader,mlp_kreg_initializer,mcc_parity,0.4438736128209835,0.9017710724827812,0.5194354596206814,0.0273320340141562,0.0755618467996978,0.0072298325722983,"{'l2': 0.001, 'dropout': 0.072264185195589}"
bank_dataset_reader,mlp_kreg_initializer,mcc_odds,0.494199745117288,0.9007871433256806,0.5061262345109059,0.0119264893936179,0.0735995887260711,0.0089655172413792,"{'l2': 0.0001, 'dropout': 0.1601918646635202}"
bank_dataset_reader,mlp_kreg_initializer,mcc_opportunity,0.2595672458224234,0.8988192850114791,0.5102401933325177,0.132975362643936,0.1036154302295866,0.2506729475100942,"{'l2': 0.001, 'dropout': 0.10963201063659256}"
bank_dataset_reader,mlp_kreg_initializer,acc_parity,0.8595181544360311,0.89996720236143,0.5348744118302519,0.0970076912659679,0.0404490479253989,0.1637864823348694,"{'l2': 0.01, 'dropout': 0.19793844794109286}"
bank_dataset_reader,mlp_kreg_initializer,acc_odds,0.8533116032560127,0.8948835683830764,0.4952961093006346,0.0415719651270635,0.0823552692288664,0.0607053137024199,"{'l2': 0.01, 'dropout': 0.12702471191311432}"
bank_dataset_reader,mlp_kreg_initializer,acc_opportunity,0.7924321193554915,0.8966874385044277,0.538939657126363,0.0681647667574086,0.0768506039732454,0.1042553191489361,"{'l2': 0.01, 'dropout': 0.07241409584416407}"
compas_dataset_reader,mlp_kreg_initializer,mcc_parity,0.0770131229067369,0.646677471636953,0.2827829334398878,0.1925836049809453,0.2057698105331509,0.1008564345278341,"{'l2': 0.01, 'dropout': 0.17655799077170106}"
compas_dataset_reader,mlp_kreg_initializer,mcc_odds,0.0762473784773616,0.6653160453808752,0.3243476149068725,0.2481002364295109,0.2659280749577092,0.1760684596577016,"{'l2': 0.01, 'dropout': 0.05400791769081501}"
compas_dataset_reader,mlp_kreg_initializer,mcc_opportunity,0.102818693269604,0.6523500810372771,0.2952481813368154,0.2299506828292312,0.2528832909205519,0.1924294880672113,"{'l2': 0.0001, 'dropout': 0.18674169210692138}"
compas_dataset_reader,mlp_kreg_initializer,acc_parity,0.4657967608809593,0.6620745542949756,0.3002656300391271,0.1873326503722527,0.1962777934140163,0.1477685244501387,"{'l2': 0.01, 'dropout': 0.02571107397188855}"
compas_dataset_reader,mlp_kreg_initializer,acc_odds,0.4320419095534719,0.6353322528363047,0.265683251629952,0.2032903432828328,0.2230253920658718,0.1676652160712478,"{'l2': 0.01, 'dropout': 0.06125583405550992}"
compas_dataset_reader,mlp_kreg_initializer,acc_opportunity,0.5117446199424452,0.6523500810372771,0.29455814269554,0.1821636807933839,0.2076062090787178,0.1406054610948318,"{'l2': 0.01, 'dropout': 0.0554893830496532}"
german_dataset_reader,mlp_kreg_initializer,mcc_parity,0.2191307004269378,0.71,0.2864843993595842,0.0442132286318332,0.0673536989326463,0.0514285714285713,"{'l2': 0.01, 'dropout': 0.1310537680969512}"
german_dataset_reader,mlp_kreg_initializer,mcc_odds,0.2649229694422128,0.76,0.2803532492878152,0.0154302798456024,0.037941787941788,0.0082799145299145,"{'l2': 0.001, 'dropout': 0.17887342522439448}"
german_dataset_reader,mlp_kreg_initializer,mcc_opportunity,0.2472192981321436,0.725,0.262603913516759,0.073200329082682,0.0769050958391771,0.0153846153846154,"{'l2': 0.01, 'dropout': 0.16146333782748257}"
german_dataset_reader,mlp_kreg_initializer,acc_parity,0.5845498783454988,0.75,0.3521852590899093,0.0985981308411214,0.1654501216545012,0.0971962616822429,"{'l2': 0.01, 'dropout': 0.17256539344582666}"
german_dataset_reader,mlp_kreg_initializer,acc_odds,0.5262519780231318,0.72,0.3001225239993905,0.1937480219768682,0.2282661486158328,0.2263083451202262,"{'l2': 0.0001, 'dropout': 0.1718745217894019}"
german_dataset_reader,mlp_kreg_initializer,acc_opportunity,0.743604826546003,0.77,0.4264950601773185,0.1466562333435399,0.1357142857142856,0.026395173453997,"{'l2': 0.01, 'dropout': 0.12804815736893863}"
adult_dataset_reader,mlp_kreg_initializer,mcc_parity,0.3737964282238192,0.8458817025981205,0.5830774116338638,0.1162627380643794,0.2092809834100446,0.1378117913832199,"{'l2': 0.0001, 'dropout': 0.1284925003553911}"
adult_dataset_reader,mlp_kreg_initializer,mcc_odds,0.4775784006736721,0.8444444444444444,0.5687192575221106,0.0911408568484385,0.1906942632199483,0.1056639059577878,"{'l2': 0.01, 'dropout': 0.1488734450389278}"
adult_dataset_reader,mlp_kreg_initializer,mcc_opportunity,0.5166984512117546,0.8519624101713654,0.5920456445461356,0.0787194807176371,0.1913307308523301,0.075347193334381,"{'l2': 0.01, 'dropout': 0.1053848218673663}"
adult_dataset_reader,mlp_kreg_initializer,acc_parity,0.6442361923364128,0.8489773355444997,0.5827639940257119,0.1102078735300843,0.2047411432080868,0.1315907212351464,"{'l2': 0.01, 'dropout': 0.15302920694654074}"
adult_dataset_reader,mlp_kreg_initializer,acc_odds,0.7836271076452458,0.8536207849640686,0.5872531445485447,0.0699936773188227,0.1718437662571353,0.0741280583029672,"{'l2': 0.01, 'dropout': 0.018958281421884715}"
adult_dataset_reader,mlp_kreg_initializer,acc_opportunity,0.741272423708584,0.8494195688225539,0.5755564563609682,0.0952874444133004,0.1856387732326313,0.1081471451139698,"{'l2': 0.0001, 'dropout': 0.19951319533525866}"
bank_dataset_reader,mlp_kreg_initializer,mcc_parity,0.4081455708977006,0.8991472613971794,0.5021396767679026,0.0948219411084595,0.0939941058702019,0.1565956082705561,"{'l2': 0.001, 'dropout': 0.15756162422861208}"
bank_dataset_reader,mlp_kreg_initializer,mcc_odds,0.3434666717364704,0.8991472613971794,0.5095960810401359,0.1661294093036655,0.1900791332518986,0.2195048309178744,"{'l2': 0.0001, 'dropout': 0.19976465346071598}"
bank_dataset_reader,mlp_kreg_initializer,mcc_opportunity,0.3713036609643644,0.8986552968186291,0.5043620221738088,0.0848886788089607,0.1071251173872888,0.1330583612094443,"{'l2': 0.001, 'dropout': 0.06357822892429868}"
bank_dataset_reader,mlp_kreg_initializer,acc_parity,0.7477205558541471,0.8998032141685799,0.539790733948137,0.0853480717615191,0.1520826583144328,0.0603032284175462,"{'l2': 0.0001, 'dropout': 0.16632920829731032}"
bank_dataset_reader,mlp_kreg_initializer,acc_odds,0.7668201996600688,0.907182682846835,0.5320188652298604,0.1403624831867663,0.0515364995706185,0.2287790697674418,"{'l2': 0.001, 'dropout': 0.1332779932201107}"
bank_dataset_reader,mlp_kreg_initializer,acc_opportunity,0.8769986451956141,0.8996392259757298,0.5466917199626999,0.0250024434497481,0.0934360344949755,0.0226405807801156,"{'l2': 0.0001, 'dropout': 0.08056388473163865}"
compas_dataset_reader,mlp_kreg_initializer,mcc_parity,0.1035212676877523,0.6458670988654781,0.2715964501020868,0.1453933617112065,0.1680751824143345,0.12657440919736,"{'l2': 0.01, 'dropout': 0.18889854763418504}"
compas_dataset_reader,mlp_kreg_initializer,mcc_odds,0.1402676605475541,0.6507293354943274,0.2940632594596242,0.1537955989120701,0.1712385134392389,0.1073490527733488,"{'l2': 0.01, 'dropout': 0.02190394944541041}"
compas_dataset_reader,mlp_kreg_initializer,mcc_opportunity,0.0881716240876297,0.6458670988654781,0.280957693739371,0.2081129512188237,0.2330946972304444,0.1927860696517412,"{'l2': 0.0001, 'dropout': 0.19805894399324497}"
compas_dataset_reader,mlp_kreg_initializer,acc_parity,0.3782373149567353,0.6345218800648298,0.2609790445285221,0.2387790013136111,0.2562845651080945,0.2037582971780324,"{'l2': 0.001, 'dropout': 0.09302664984823569}"
compas_dataset_reader,mlp_kreg_initializer,acc_odds,0.455904166932856,0.6499189627228525,0.2834211546464834,0.1940147957899965,0.2097011241021309,0.1685945633314054,"{'l2': 0.01, 'dropout': 0.18397163204049966}"
compas_dataset_reader,mlp_kreg_initializer,acc_opportunity,0.5469592655303788,0.6393841166936791,0.2622884247759777,0.1597058365283718,0.1753241225868754,0.0924248511633003,"{'l2': 0.0001, 'dropout': 0.14880002266733214}"
german_dataset_reader,mlp_kreg_initializer,mcc_parity,0.3272733637889217,0.76,0.3657349022504601,0.0635618861425312,0.0384615384615384,0.0533910533910533,"{'l2': 0.0001, 'dropout': 0.02564503137765435}"
german_dataset_reader,mlp_kreg_initializer,mcc_odds,0.3427619530802881,0.76,0.4297471900655251,0.086985236985237,0.0769230769230769,0.0085858585858585,"{'l2': 0.001, 'dropout': 0.044828503333875114}"
german_dataset_reader,mlp_kreg_initializer,mcc_opportunity,0.4476713799547406,0.825,0.4756349057906069,0.0764817629179331,0.0603638048893523,0.0279635258358662,"{'l2': 0.001, 'dropout': 0.16332550338654125}"
german_dataset_reader,mlp_kreg_initializer,acc_parity,0.6569892473118278,0.7,0.2206162488542879,0.0455936920222634,0.0430107526881721,0.0025510204081632,"{'l2': 0.001, 'dropout': 0.13552201904227168}"
german_dataset_reader,mlp_kreg_initializer,acc_odds,0.6999459677826592,0.73,0.3430424024891969,0.0300540322173407,0.0433172483447424,0.0103519668737059,"{'l2': 0.0001, 'dropout': 0.08385124836967159}"
german_dataset_reader,mlp_kreg_initializer,acc_opportunity,0.6914814814814815,0.71,0.2886050252714729,0.135710872162485,0.148838306404057,0.0185185185185184,"{'l2': 0.01, 'dropout': 0.05553071771293393}"
adult_dataset_reader,mlp_kreg_initializer,mcc_parity,0.3766842311821435,0.8486456605859591,0.5748840046054647,0.1149336336387023,0.1981997734233211,0.1422520887241082,"{'l2': 0.001, 'dropout': 0.12042127385233493}"
adult_dataset_reader,mlp_kreg_initializer,mcc_odds,0.4875194854229661,0.8542841348811498,0.598137225401085,0.1106177399781189,0.2007571249175139,0.1394484865502991,"{'l2': 0.01, 'dropout': 0.026084441069407382}"
adult_dataset_reader,mlp_kreg_initializer,mcc_opportunity,0.465967627468423,0.8477611940298507,0.5805565515210082,0.1028045070815388,0.2016089981249779,0.1145889240525851,"{'l2': 0.01, 'dropout': 0.1670395097223554}"
adult_dataset_reader,mlp_kreg_initializer,acc_parity,0.6559369507216142,0.8413488114980652,0.5579428592712429,0.0911780586595269,0.185411860776451,0.100791118492941,"{'l2': 0.01, 'dropout': 0.08840766462750108}"
adult_dataset_reader,mlp_kreg_initializer,acc_odds,0.7582228876623252,0.8524046434494196,0.5774844826910697,0.0941817557870944,0.1905978795030382,0.1034839722995645,"{'l2': 0.0001, 'dropout': 0.1730972512658723}"
adult_dataset_reader,mlp_kreg_initializer,acc_opportunity,0.7323463322111995,0.8461028192371476,0.5714806430046293,0.1008550239896511,0.1922490681073902,0.1137564870259481,"{'l2': 0.0001, 'dropout': 0.11670951023087169}"
bank_dataset_reader,mlp_kreg_initializer,mcc_parity,0.3662258834017913,0.8975073794686782,0.5204360280280772,0.1102076351108128,0.1542101446262858,0.1253103203688379,"{'l2': 0.0001, 'dropout': 0.18636933929379998}"
bank_dataset_reader,mlp_kreg_initializer,mcc_odds,0.4730043143208257,0.9050508363397836,0.5152912981327554,0.0422869838119296,0.0672328420529775,0.0588235294117647,"{'l2': 0.0001, 'dropout': 0.14860076660976013}"
bank_dataset_reader,mlp_kreg_initializer,mcc_opportunity,0.3887752659740753,0.9022630370613316,0.5234091310519151,0.1046753483031048,0.1435502349723663,0.1346338650778398,"{'l2': 0.01, 'dropout': 0.05692626982348577}"
bank_dataset_reader,mlp_kreg_initializer,acc_parity,0.8086649936349334,0.9037389307969826,0.5409460107243279,0.0395936188758445,0.0950739371620492,0.0531356682260715,"{'l2': 0.01, 'dropout': 0.10996146727992565}"
bank_dataset_reader,mlp_kreg_initializer,acc_odds,0.8286075542921366,0.902918989832732,0.5332174769467327,0.0743114355405953,0.1234226766141659,0.0678481919083422,"{'l2': 0.0001, 'dropout': 0.15311323334213747}"
bank_dataset_reader,mlp_kreg_initializer,acc_opportunity,0.7543399858635592,0.9096425057395868,0.5526949815145503,0.0991573356047943,0.1304063277924998,0.1553025198760275,"{'l2': 0.01, 'dropout': 0.13460826433447118}"
compas_dataset_reader,mlp_kreg_initializer,mcc_parity,0.1183272438099118,0.6523500810372771,0.3027044637957039,0.1499771435921234,0.184377219985792,0.1022531377589596,"{'l2': 0.01, 'dropout': 0.07114210080610062}"
compas_dataset_reader,mlp_kreg_initializer,mcc_odds,0.1308412468892274,0.6572123176661264,0.3023732478475054,0.171532000958278,0.178975988196378,0.1309086134453781,"{'l2': 0.01, 'dropout': 0.14688612322684635}"
compas_dataset_reader,mlp_kreg_initializer,mcc_opportunity,0.1574529465862322,0.63290113452188,0.2570505320993108,0.1080889481969537,0.124938715476385,0.0995975855130785,"{'l2': 0.0001, 'dropout': 0.14089581501830145}"
compas_dataset_reader,mlp_kreg_initializer,acc_parity,0.4856206024582629,0.6482982171799028,0.2870985861276038,0.1331522064476506,0.1626776147216398,0.1088472001813648,"{'l2': 0.01, 'dropout': 0.11622987338215}"
compas_dataset_reader,mlp_kreg_initializer,acc_odds,0.5297938514733926,0.666936790923825,0.3153287765012001,0.1371429394504323,0.1781121585690114,0.138947533036203,"{'l2': 0.01, 'dropout': 0.05695482196404471}"
compas_dataset_reader,mlp_kreg_initializer,acc_opportunity,0.5111175726928759,0.6410048622366289,0.2750562300669327,0.2307718295321001,0.240009543122987,0.1298872895437529,"{'l2': 0.01, 'dropout': 0.15787640801180597}"
german_dataset_reader,mlp_kreg_initializer,mcc_parity,0.3510179774959608,0.79,0.4105417870197704,0.0934523809523809,0.0595238095238095,0.0226190476190476,"{'l2': 0.01, 'dropout': 0.09507107221148696}"
german_dataset_reader,mlp_kreg_initializer,mcc_odds,0.1727669275144231,0.73,0.3145959995687769,0.1418290720543537,0.1096285611251353,0.0896656534954407,"{'l2': 0.0001, 'dropout': 0.00897728495234466}"
german_dataset_reader,mlp_kreg_initializer,mcc_opportunity,0.2049392617123933,0.735,0.2492205783119671,0.0432210272062427,0.0395220588235294,0.0442813165995737,"{'l2': 0.001, 'dropout': 0.12112542994081382}"
german_dataset_reader,mlp_kreg_initializer,acc_parity,0.7486679536679538,0.795,0.4178115630906994,0.0806279459080817,0.0463320463320462,0.0732793522267206,"{'l2': 0.0001, 'dropout': 0.1413304656361893}"
german_dataset_reader,mlp_kreg_initializer,acc_odds,0.7049821746880571,0.795,0.421891614804475,0.0900178253119429,0.0681818181818182,0.0463458110516933,"{'l2': 0.001, 'dropout': 0.15893973288120875}"
german_dataset_reader,mlp_kreg_initializer,acc_opportunity,0.7406850053937432,0.745,0.3475182852795071,0.124964514846988,0.1003134796238244,0.0043149946062568,"{'l2': 0.01, 'dropout': 0.12216425090674035}"
adult_dataset_reader,mlp_kreg_initializer,mcc_parity,0.3975759925811855,0.8517412935323383,0.5895914483564197,0.0957503141559875,0.1920154557752342,0.1174719887955182,"{'l2': 0.001, 'dropout': 0.0976446518049729}"
adult_dataset_reader,mlp_kreg_initializer,mcc_odds,0.4879449948429418,0.8506357103372029,0.5792480965440293,0.0913031017010874,0.1860248461665873,0.1035800193683421,"{'l2': 0.0001, 'dropout': 0.06935432228672896}"
adult_dataset_reader,mlp_kreg_initializer,mcc_opportunity,0.5235430176528038,0.8461028192371476,0.5668027938295185,0.0624979313004283,0.1739495133916944,0.0432597761767147,"{'l2': 0.0001, 'dropout': 0.027392231168757247}"
adult_dataset_reader,mlp_kreg_initializer,acc_parity,0.6384724089930346,0.8518518518518519,0.5842088204364245,0.1259870622126963,0.2133794428588173,0.1471083454172388,"{'l2': 0.01, 'dropout': 0.15552234610411259}"
adult_dataset_reader,mlp_kreg_initializer,acc_odds,0.7511803295472597,0.844555002763958,0.5566211485778569,0.0933746732166982,0.1772741033935649,0.1059550993992087,"{'l2': 0.01, 'dropout': 0.11424109756739381}"
adult_dataset_reader,mlp_kreg_initializer,acc_opportunity,0.7828471771240568,0.8423438363736871,0.5598755793958969,0.0706108335014904,0.1786861434411225,0.0594966592496303,"{'l2': 0.001, 'dropout': 0.06836947377973461}"
bank_dataset_reader,mlp_kreg_initializer,mcc_parity,0.38427222959406,0.902918989832732,0.5136720003313591,0.0619735188505261,0.129399770737299,0.0293194850156874,"{'l2': 0.001, 'dropout': 0.1386082802897189}"
bank_dataset_reader,mlp_kreg_initializer,mcc_odds,0.414504310523534,0.8989832732043292,0.5073222302809759,0.0928179197574418,0.1234467924051039,0.120890410958904,"{'l2': 0.001, 'dropout': 0.09981065270806884}"
bank_dataset_reader,mlp_kreg_initializer,mcc_opportunity,0.4914025835135616,0.9001311905542801,0.535847027958006,0.0347661397713911,0.083023045754558,0.0444444444444444,"{'l2': 0.01, 'dropout': 0.18788079756150297}"
bank_dataset_reader,mlp_kreg_initializer,acc_parity,0.9017545571216584,0.9055428009183338,0.520760661284842,0.0577813723666241,0.0037882437966755,0.0851019774303757,"{'l2': 0.0001, 'dropout': 0.17815244107649572}"
bank_dataset_reader,mlp_kreg_initializer,acc_odds,0.7802634581209662,0.9016070842899312,0.4785530531535718,0.1213436261689648,0.1328368155487693,0.1688736100500806,"{'l2': 0.01, 'dropout': 0.14206056676090484}"
bank_dataset_reader,mlp_kreg_initializer,acc_opportunity,0.8889862418894879,0.8988192850114791,0.5209920435075297,0.0336753068698559,0.0928183813822111,0.0098330431219911,"{'l2': 0.001, 'dropout': 0.09520941599939181}"
compas_dataset_reader,mlp_kreg_initializer,mcc_parity,0.0622039667268952,0.6620745542949756,0.3154019901867641,0.2353854409010579,0.2531980234598688,0.1479964902018133,"{'l2': 0.01, 'dropout': 0.10009470966978001}"
compas_dataset_reader,mlp_kreg_initializer,mcc_odds,0.0570342717632548,0.6507293354943274,0.2759679526934379,0.218933680930183,0.2314182122437597,0.1660877639452507,"{'l2': 0.01, 'dropout': 0.08815838823801958}"
compas_dataset_reader,mlp_kreg_initializer,mcc_opportunity,0.0948040138740867,0.640194489465154,0.2785213118045826,0.2331547030310861,0.2529084427187635,0.1837172979304958,"{'l2': 0.0001, 'dropout': 0.01886939983000331}"
compas_dataset_reader,mlp_kreg_initializer,acc_parity,0.4330859889759143,0.6377633711507293,0.2650544559700633,0.1960523603380746,0.204677382174815,0.1696557410843125,"{'l2': 0.0001, 'dropout': 0.17991871850585134}"
compas_dataset_reader,mlp_kreg_initializer,acc_odds,0.4113073982791997,0.6442463533225283,0.2802745478786737,0.2329389550433286,0.2521528021528021,0.1697303099423051,"{'l2': 0.001, 'dropout': 0.14356720184182095}"
compas_dataset_reader,mlp_kreg_initializer,acc_opportunity,0.4982597700968008,0.6717990275526742,0.3334943455403913,0.2198938503248738,0.2403023772146884,0.1735392574558734,"{'l2': 0.001, 'dropout': 0.03642065464489135}"
german_dataset_reader,mlp_kreg_initializer,mcc_parity,0.3287207808266213,0.76,0.3429810303809885,0.0327777777777777,0.0142602495543672,0.01,"{'l2': 0.0001, 'dropout': 0.19770067859339305}"
german_dataset_reader,mlp_kreg_initializer,mcc_odds,0.2779706570789622,0.75,0.3491924908007959,0.0712218337218336,0.0521271622253389,0.0760101010101009,"{'l2': 0.001, 'dropout': 0.04727843292147951}"
german_dataset_reader,mlp_kreg_initializer,mcc_opportunity,0.1876309546474404,0.71,0.3408482542254994,0.2183198797355536,0.1725274725274724,0.153217299578059,"{'l2': 0.0001, 'dropout': 0.0749068993183018}"
german_dataset_reader,mlp_kreg_initializer,acc_parity,0.6275799032904824,0.75,0.3224052087456884,0.0864786382679812,0.1224200967095175,0.1451794987581847,"{'l2': 0.001, 'dropout': 0.09538583638809546}"
german_dataset_reader,mlp_kreg_initializer,acc_odds,0.7237313521899988,0.755,0.3976229723763521,0.0312686478100012,0.006256900993743,0.033297529538131,"{'l2': 0.01, 'dropout': 0.1939983840267889}"
german_dataset_reader,mlp_kreg_initializer,acc_opportunity,0.6951439037153323,0.72,0.3095897672146172,0.1024280481423338,0.046875,0.0248560962846676,"{'l2': 0.0001, 'dropout': 0.07600791282041937}"
adult_dataset_reader,mlp_kreg_initializer,mcc_parity,0.3819238776707215,0.8521835268103924,0.5832173419712791,0.1097073933281212,0.2012934643005574,0.1395399104523699,"{'l2': 0.0001, 'dropout': 0.013990475128050243}"
adult_dataset_reader,mlp_kreg_initializer,mcc_odds,0.5304072327684936,0.8528468767274737,0.5805274992597534,0.0501202664912598,0.1596762691381517,0.0406968291525607,"{'l2': 0.01, 'dropout': 0.09243676371292714}"
adult_dataset_reader,mlp_kreg_initializer,mcc_opportunity,0.476477521367434,0.8487562189054726,0.5718455137208397,0.0917761413331178,0.1903462417669324,0.0953679923534056,"{'l2': 0.01, 'dropout': 0.0918648802821788}"
adult_dataset_reader,mlp_kreg_initializer,acc_parity,0.6574877963188064,0.855942509673853,0.5981253807106897,0.1142104445317941,0.1984547133550466,0.1538224581876166,"{'l2': 0.0001, 'dropout': 0.1949503921117496}"
adult_dataset_reader,mlp_kreg_initializer,acc_odds,0.7558853316313006,0.8475400773908237,0.584718833646806,0.0916547457595231,0.2142611298166853,0.0841199452800899,"{'l2': 0.01, 'dropout': 0.12352711794985377}"
adult_dataset_reader,mlp_kreg_initializer,acc_opportunity,0.7346196760808825,0.8434494195688226,0.5681259226446155,0.0991685452238022,0.1986320339524687,0.10882974348794,"{'l2': 0.001, 'dropout': 0.19272699746729816}"
bank_dataset_reader,mlp_kreg_initializer,mcc_parity,0.4309512868959129,0.8968514266972778,0.513555341554532,0.0501015685866777,0.082604054658619,0.0954128440366972,"{'l2': 0.0001, 'dropout': 0.10061547584977092}"
bank_dataset_reader,mlp_kreg_initializer,mcc_odds,0.4310411012398821,0.9037389307969826,0.5454411810796519,0.1144000798397697,0.1747052989062121,0.1207795284918848,"{'l2': 0.01, 'dropout': 0.1485810275998593}"
bank_dataset_reader,mlp_kreg_initializer,mcc_opportunity,0.4256727395468692,0.9022630370613316,0.5444862568566271,0.0902801914421873,0.1612764944034293,0.1188135173097578,"{'l2': 0.01, 'dropout': 0.06894409570069063}"
bank_dataset_reader,mlp_kreg_initializer,acc_parity,0.8121328040024341,0.898491308625779,0.5117853399879976,0.0246397921426462,0.0863585046233448,0.0011241313530453,"{'l2': 0.001, 'dropout': 0.11916647715604707}"
bank_dataset_reader,mlp_kreg_initializer,acc_odds,0.8670324526527622,0.905870777304034,0.5493648165675764,0.0388383246512718,0.103575788220993,0.0738721020323023,"{'l2': 0.0001, 'dropout': 0.06243689138106629}"
bank_dataset_reader,mlp_kreg_initializer,acc_opportunity,0.8637780284247232,0.8981633322400787,0.5140542275047648,0.0276849199674609,0.0762085170282991,0.0343853038153555,"{'l2': 0.0001, 'dropout': 0.18193144092578303}"
compas_dataset_reader,mlp_kreg_initializer,mcc_parity,0.0528333420052127,0.6312803889789304,0.2483968005515563,0.1776274456268588,0.1955634585463436,0.1553951655679321,"{'l2': 0.001, 'dropout': 0.05430112034076511}"
compas_dataset_reader,mlp_kreg_initializer,mcc_odds,0.1131980085392938,0.660453808752026,0.3108277308846401,0.1976297223453462,0.2189816117834694,0.190196153551452,"{'l2': 0.01, 'dropout': 0.10700986622093882}"
compas_dataset_reader,mlp_kreg_initializer,mcc_opportunity,0.1550779231203704,0.6239870340356564,0.2346973238467627,0.1457591706158448,0.1599933857746911,0.0796194007263922,"{'l2': 0.0001, 'dropout': 0.05752371955349525}"
compas_dataset_reader,mlp_kreg_initializer,acc_parity,0.4766747903070395,0.6410048622366289,0.2810289471374775,0.1334311813032223,0.1643300719295893,0.1083138173302107,"{'l2': 0.01, 'dropout': 0.06336595245663394}"
compas_dataset_reader,mlp_kreg_initializer,acc_odds,0.5027288741014915,0.6280388978930308,0.2486532998893226,0.1253100237915392,0.1446488882634393,0.0773779776778277,"{'l2': 0.001, 'dropout': 0.01665618091793666}"
compas_dataset_reader,mlp_kreg_initializer,acc_opportunity,0.4440407794398074,0.6458670988654781,0.2862835567121592,0.252552979674403,0.2524953036235656,0.2018263194256706,"{'l2': 0.001, 'dropout': 0.1506231834927645}"
german_dataset_reader,mlp_kreg_initializer,mcc_parity,0.1811441549128541,0.745,0.3968406206093198,0.2096525026558936,0.2156964656964656,0.114340466304695,"{'l2': 0.001, 'dropout': 0.1765924597916192}"
german_dataset_reader,mlp_kreg_initializer,mcc_odds,0.1969807914234026,0.725,0.2754011334576061,0.0784203420342034,0.0411578471279964,0.0659315931593159,"{'l2': 0.001, 'dropout': 0.11639719180534168}"
german_dataset_reader,mlp_kreg_initializer,mcc_opportunity,0.3133232658739101,0.73,0.3458501475943403,0.0995967741935484,0.0446470313230481,0.0325268817204301,"{'l2': 0.0001, 'dropout': 0.12258142655728779}"
german_dataset_reader,mlp_kreg_initializer,acc_parity,0.7010548733266954,0.765,0.3853979445646835,0.0511657692508756,0.0639451266733046,0.053191489361702,"{'l2': 0.01, 'dropout': 0.15363924658793887}"
german_dataset_reader,mlp_kreg_initializer,acc_odds,0.7633882783882784,0.785,0.4488825424309388,0.0216117216117215,0.0267857142857143,0.0285714285714285,"{'l2': 0.01, 'dropout': 0.06245652089505032}"
german_dataset_reader,mlp_kreg_initializer,acc_opportunity,0.7462834224598931,0.765,0.3897570617979518,0.1015849027357978,0.1129922708870077,0.0187165775401069,"{'l2': 0.01, 'dropout': 0.13435534082932343}"
adult_dataset_reader,mlp_kreg_initializer,mcc_parity,0.402797467267166,0.8529574350469873,0.5819599776236091,0.0769157497401887,0.179162510356443,0.0850349788806758,"{'l2': 0.001, 'dropout': 0.007109851487086542}"
adult_dataset_reader,mlp_kreg_initializer,mcc_odds,0.505117209358005,0.8509673852957435,0.5900173396388817,0.0849001302808766,0.2001514952091883,0.0766932877226896,"{'l2': 0.0001, 'dropout': 0.11430419772421899}"
adult_dataset_reader,mlp_kreg_initializer,mcc_opportunity,0.479329432323658,0.8525152017689331,0.5917147069554225,0.100305130102597,0.2044910786699107,0.1123852746317645,"{'l2': 0.0001, 'dropout': 0.048970622259453284}"
adult_dataset_reader,mlp_kreg_initializer,acc_parity,0.655113571661634,0.8526257600884467,0.584941874662009,0.094945001309082,0.1975121884268127,0.100420439060583,"{'l2': 0.0001, 'dropout': 0.11858230188422694}"
adult_dataset_reader,mlp_kreg_initializer,acc_odds,0.7660888602890493,0.8495301271420674,0.5827616060501306,0.0834412668530181,0.1855660262131397,0.0901995272907162,"{'l2': 0.0001, 'dropout': 0.13399439759817297}"
adult_dataset_reader,mlp_kreg_initializer,acc_opportunity,0.7139545823644937,0.8538419016030956,0.5964447083238421,0.1145438604677312,0.2164325403553216,0.1398873192386018,"{'l2': 0.001, 'dropout': 0.1788714275861918}"
bank_dataset_reader,mlp_kreg_initializer,mcc_parity,0.3782415988849459,0.9014430960970812,0.4989672694456959,0.0840752768032244,0.12072567056075,0.1173102981029809,"{'l2': 0.0001, 'dropout': 0.12425356702624435}"
bank_dataset_reader,mlp_kreg_initializer,mcc_odds,0.3626447728411117,0.9011151197113808,0.5475821242770426,0.1849373514359308,0.1879910367399477,0.2753654970760234,"{'l2': 0.0001, 'dropout': 0.06800286363094935}"
bank_dataset_reader,mlp_kreg_initializer,mcc_opportunity,0.482546045439968,0.9035749426041324,0.5300659474607887,0.0311452594910486,0.0901862491081822,0.0475199020208206,"{'l2': 0.0001, 'dropout': 0.1157705469409945}"
bank_dataset_reader,mlp_kreg_initializer,acc_parity,0.7601984003745916,0.904394883568383,0.5244822673972742,0.1212356147981082,0.1441964831937914,0.1570247933884296,"{'l2': 0.001, 'dropout': 0.1429003485433468}"
bank_dataset_reader,mlp_kreg_initializer,acc_odds,0.7721636147081132,0.8994752377828796,0.5402205715270559,0.1273116230747663,0.1770223891283159,0.196524064171123,"{'l2': 0.001, 'dropout': 0.1345495114581658}"
bank_dataset_reader,mlp_kreg_initializer,acc_opportunity,0.8442964738401778,0.9032469662184324,0.507025650156743,0.0573355141060544,0.1072945544115326,0.0589504923782544,"{'l2': 0.0001, 'dropout': 0.1449543772639327}"
compas_dataset_reader,mlp_kreg_initializer,mcc_parity,0.0896864994253752,0.6426256077795786,0.2763391898516505,0.1773832595053525,0.1866526904262753,0.1299603174603174,"{'l2': 0.0001, 'dropout': 0.03841108107375009}"
compas_dataset_reader,mlp_kreg_initializer,mcc_odds,0.1070044644359274,0.6588330632090762,0.3021618827780259,0.1951574183420985,0.2264633670636286,0.1889755368016237,"{'l2': 0.001, 'dropout': 0.024183041908337286}"
compas_dataset_reader,mlp_kreg_initializer,mcc_opportunity,0.1739158850350559,0.653160453808752,0.3000160190911264,0.2052427927805435,0.2277962428803608,0.1261001340560704,"{'l2': 0.001, 'dropout': 0.037859893394921}"
compas_dataset_reader,mlp_kreg_initializer,acc_parity,0.4854647648407778,0.6588330632090762,0.3076262375816579,0.1596503643342915,0.1733682983682983,0.0898866088233943,"{'l2': 0.01, 'dropout': 0.08354418734881643}"
compas_dataset_reader,mlp_kreg_initializer,acc_odds,0.44132642430064,0.6726094003241491,0.3376914593255506,0.2312829760235089,0.2507554993323494,0.1614906832298136,"{'l2': 0.01, 'dropout': 0.14268221887714505}"
compas_dataset_reader,mlp_kreg_initializer,acc_opportunity,0.4518901909197066,0.6426256077795786,0.2728256366197965,0.2093700086024489,0.2236175481643039,0.1907354168598719,"{'l2': 0.001, 'dropout': 0.15211588283683736}"
german_dataset_reader,mlp_kreg_initializer,mcc_parity,0.2210976967044499,0.725,0.2727547317321655,0.0324511742732689,0.0516570350277155,0.0432807269249163,"{'l2': 0.01, 'dropout': 0.06112601581558631}"
german_dataset_reader,mlp_kreg_initializer,mcc_odds,0.2440900974373099,0.725,0.2985429963763303,0.0544528989390203,0.0285854496380811,0.0517629407351837,"{'l2': 0.01, 'dropout': 0.16951308845251184}"
german_dataset_reader,mlp_kreg_initializer,mcc_opportunity,0.3377690610279489,0.755,0.3834263688211791,0.054815185883147,0.1139705882352941,0.0456573077932301,"{'l2': 0.01, 'dropout': 0.026338175047868395}"
german_dataset_reader,mlp_kreg_initializer,acc_parity,0.6476594301221167,0.725,0.2605973017228126,0.0752497711260598,0.0773405698778832,0.0333824251350024,"{'l2': 0.0001, 'dropout': 0.10878717457310173}"
german_dataset_reader,mlp_kreg_initializer,acc_odds,0.6544469709107192,0.715,0.2773669483288187,0.0605530290892807,0.0025078369905956,0.0487546369899311,"{'l2': 0.001, 'dropout': 0.1680624550585615}"
german_dataset_reader,mlp_kreg_initializer,acc_opportunity,0.6901934235976789,0.74,0.326741830745133,0.079448742746615,0.0777928539122568,0.0498065764023211,"{'l2': 0.0001, 'dropout': 0.11804341742650094}"
adult_dataset_reader,mlp_kreg_initializer,mcc_parity,0.3881941993663473,0.8480928689883914,0.5775797103442847,0.0613456279896774,0.1893855109779373,0.0323779193205945,"{'l2': 0.01, 'dropout': 0.024645895122698915}"
adult_dataset_reader,mlp_kreg_initializer,mcc_odds,0.4945127491200051,0.8524046434494196,0.5831075186381837,0.0885947695181785,0.1953854139062911,0.0907637138980422,"{'l2': 0.001, 'dropout': 0.07442579126596133}"
adult_dataset_reader,mlp_kreg_initializer,mcc_opportunity,0.4822261292426146,0.8453289110005527,0.5685256228600023,0.0876384717057078,0.1913579998767209,0.0862994936173876,"{'l2': 0.001, 'dropout': 0.08031807586932727}"
adult_dataset_reader,mlp_kreg_initializer,acc_parity,0.6440297063941305,0.8444444444444444,0.5764273898216209,0.1090873675002876,0.2004147380503139,0.1265675426463808,"{'l2': 0.01, 'dropout': 0.13268117628105375}"
adult_dataset_reader,mlp_kreg_initializer,acc_odds,0.7586145396809156,0.8426755113322277,0.5641695495750211,0.084060971651312,0.1855993924172489,0.0745484484642345,"{'l2': 0.01, 'dropout': 0.09596502047114161}"
adult_dataset_reader,mlp_kreg_initializer,acc_opportunity,0.7610845396662224,0.8506357103372029,0.5879308163296164,0.0879019550631122,0.2013071895424836,0.0895511706709805,"{'l2': 0.01, 'dropout': 0.12824483585703364}"
bank_dataset_reader,mlp_kreg_initializer,mcc_parity,0.3998606171802578,0.8970154148901279,0.5114625605432075,0.0735807637697469,0.1116019433629496,0.0744013020227853,"{'l2': 0.0001, 'dropout': 0.022910654093396078}"
bank_dataset_reader,mlp_kreg_initializer,mcc_odds,0.4445038010558397,0.8960314857330273,0.5008243023824361,0.0563205013265964,0.1111919563513314,0.0377939817192153,"{'l2': 0.0001, 'dropout': 0.09341993731388316}"
bank_dataset_reader,mlp_kreg_initializer,mcc_opportunity,0.5188053512716625,0.9102984585109872,0.5848983313473605,0.0399039516108566,0.0519932078100317,0.0660929800756979,"{'l2': 0.001, 'dropout': 0.12904597850014182}"
bank_dataset_reader,mlp_kreg_initializer,acc_parity,0.8106490872462355,0.902918989832732,0.5239279782475018,0.0144548888750476,0.0922699025864964,0.0217391304347825,"{'l2': 0.0001, 'dropout': 0.13391400594511502}"
bank_dataset_reader,mlp_kreg_initializer,acc_odds,0.8682183703076688,0.902591013447032,0.5225506080079518,0.034372643139363,0.0818947926967511,0.0305930114542555,"{'l2': 0.001, 'dropout': 0.09810579706705017}"
bank_dataset_reader,mlp_kreg_initializer,acc_opportunity,0.8856716508254845,0.9020990488684816,0.4987653775895664,0.048536203058736,0.1185100202088245,0.0164273980429969,"{'l2': 0.0001, 'dropout': 0.0525610167205973}"
compas_dataset_reader,mlp_kreg_initializer,mcc_parity,0.0334432915064297,0.6555915721231766,0.3025828815217694,0.2502142264361011,0.2691395900153396,0.2213739752488516,"{'l2': 0.001, 'dropout': 0.08519156516014681}"
compas_dataset_reader,mlp_kreg_initializer,mcc_odds,0.1325798883647408,0.6515397082658023,0.2938164489329609,0.16123656056822,0.1789156626506024,0.1263725490196078,"{'l2': 0.01, 'dropout': 0.13171701902852834}"
compas_dataset_reader,mlp_kreg_initializer,mcc_opportunity,0.1164027289180948,0.6393841166936791,0.2628201744009609,0.2010369139090071,0.2084553525775112,0.146417445482866,"{'l2': 0.001, 'dropout': 0.1488772634393229}"
compas_dataset_reader,mlp_kreg_initializer,acc_parity,0.4802916349707131,0.6499189627228525,0.28986015618777,0.1456602277733479,0.1696273277521394,0.1031497238393789,"{'l2': 0.01, 'dropout': 0.03369473849863222}"
compas_dataset_reader,mlp_kreg_initializer,acc_odds,0.4485192290439416,0.653160453808752,0.2960879837680622,0.2046412247648104,0.2371854668962878,0.2065207478340173,"{'l2': 0.0001, 'dropout': 0.012712246219858853}"
compas_dataset_reader,mlp_kreg_initializer,acc_opportunity,0.5405221342994249,0.6320907617504052,0.2602822819251583,0.1942472034927277,0.207979407979408,0.0915686274509803,"{'l2': 0.0001, 'dropout': 0.03008730584394609}"
german_dataset_reader,mlp_kreg_initializer,mcc_parity,0.3479135598003739,0.745,0.391381262568708,0.0500286041189931,0.0434677027683341,0.006578947368421,"{'l2': 0.0001, 'dropout': 0.19824108499497628}"
german_dataset_reader,mlp_kreg_initializer,mcc_odds,0.2697710215597502,0.74,0.3180791490757986,0.0483081275160483,0.0761904761904761,0.0746382330540746,"{'l2': 0.001, 'dropout': 0.16353019367015}"
german_dataset_reader,mlp_kreg_initializer,mcc_opportunity,0.2593927271828539,0.74,0.3129936067870321,0.0637052017068509,0.1036911121903836,0.0536008796041781,"{'l2': 0.001, 'dropout': 0.15289521414787507}"
german_dataset_reader,mlp_kreg_initializer,acc_parity,0.5992857142857143,0.76,0.3873880013178131,0.26357120820605,0.1607142857142857,0.0704048277596177,"{'l2': 0.01, 'dropout': 0.14973614694844564}"
german_dataset_reader,mlp_kreg_initializer,acc_odds,0.563414376321353,0.69,0.2650899941386239,0.1265856236786469,0.0725274725274724,0.0258985200845666,"{'l2': 0.001, 'dropout': 0.006011465411548007}"
german_dataset_reader,mlp_kreg_initializer,acc_opportunity,0.7272515212981744,0.745,0.2695850814759173,0.0158186837953572,0.0483367983367982,0.0177484787018256,"{'l2': 0.001, 'dropout': 0.10173061102901143}"
adult_dataset_reader,mlp_kreg_initializer,mcc_parity,0.3835005710259305,0.8477611940298507,0.5800123855044876,0.0829434971540976,0.1965118144785571,0.0707704320666319,"{'l2': 0.0001, 'dropout': 0.12808466467840712}"
adult_dataset_reader,mlp_kreg_initializer,mcc_odds,0.4316497321298647,0.8454394693200663,0.5669731762875583,0.1353234441576935,0.2156837606837606,0.1709527874405751,"{'l2': 0.01, 'dropout': 0.03328469456817138}"
adult_dataset_reader,mlp_kreg_initializer,mcc_opportunity,0.4960068960796282,0.8504145936981757,0.5825249427887578,0.0881393769090835,0.2003441825664047,0.0865180467091295,"{'l2': 0.001, 'dropout': 0.06194882490924902}"
adult_dataset_reader,mlp_kreg_initializer,acc_parity,0.6922278396387334,0.8507462686567164,0.5803466397253769,0.0544666401391609,0.1585184290179831,0.0445485187156288,"{'l2': 0.001, 'dropout': 0.11089215836615715}"
adult_dataset_reader,mlp_kreg_initializer,acc_odds,0.7255726610964961,0.8516307352128247,0.5896118871025496,0.1260580741163287,0.2087007783604328,0.1611216553161401,"{'l2': 0.001, 'dropout': 0.11408734134272158}"
adult_dataset_reader,mlp_kreg_initializer,acc_opportunity,0.7333750755216003,0.8477611940298507,0.5710237497827668,0.0986918971217503,0.185562683039956,0.1143861185082504,"{'l2': 0.0001, 'dropout': 0.04804438132728597}"
bank_dataset_reader,mlp_kreg_initializer,mcc_parity,0.4302647330434348,0.9061987536897343,0.5311577981660597,0.0617526790954096,0.1008930651226248,0.1231992051664183,"{'l2': 0.001, 'dropout': 0.12030166252438507}"
bank_dataset_reader,mlp_kreg_initializer,mcc_odds,0.5017130808815248,0.9020990488684816,0.5298474593004022,0.0281343784188774,0.1042086379372505,0.0056926536304897,"{'l2': 0.0001, 'dropout': 0.1528713939426783}"
bank_dataset_reader,mlp_kreg_initializer,mcc_opportunity,0.3493562257177208,0.8930796982617252,0.4832207675503902,0.0703318936490409,0.1039832466069858,0.1338645418326693,"{'l2': 0.001, 'dropout': 0.03185346580710036}"
bank_dataset_reader,mlp_kreg_initializer,acc_parity,0.794513884785877,0.89996720236143,0.5081401433874201,0.0581993456019228,0.1054533175755529,0.0716530483972344,"{'l2': 0.0001, 'dropout': 0.14920529966579854}"
adult_dataset_reader,mlp_kreg_initializer,mcc_parity,0.3893896822843455,0.8464344941956883,0.5634933309335317,0.0784270859394208,0.1741036486491862,0.0907239756299959,"{'l2': 0.001, 'dropout': 0.18983326296500577}"
adult_dataset_reader,mlp_kreg_initializer,mcc_odds,0.4987749413003322,0.8555002763957987,0.5885194823355301,0.0897445410351978,0.1890722212006486,0.0987457105667968,"{'l2': 0.001, 'dropout': 0.13186953902966658}"
adult_dataset_reader,mlp_kreg_initializer,mcc_opportunity,0.475013571149428,0.852072968490879,0.5752266720209958,0.0870453412324814,0.1790805121410686,0.1002131008715677,"{'l2': 0.0001, 'dropout': 0.06630065703937502}"
adult_dataset_reader,mlp_kreg_initializer,acc_parity,0.6552584363251615,0.851077943615257,0.5809935637381898,0.0896213809730506,0.1958195072900955,0.0940422456511337,"{'l2': 0.01, 'dropout': 0.04847106345702709}"
adult_dataset_reader,mlp_kreg_initializer,acc_odds,0.7206727614095412,0.8485351022664456,0.5782734253852779,0.1278623408569043,0.2036882413348293,0.1717905647356016,"{'l2': 0.001, 'dropout': 0.03000318639279667}"
adult_dataset_reader,mlp_kreg_initializer,acc_opportunity,0.7513801514008571,0.8470978441127694,0.565403919253139,0.0871009067325013,0.1807882750817173,0.0957176927119123,"{'l2': 0.0001, 'dropout': 0.021544429885254804}"
bank_dataset_reader,mlp_kreg_initializer,mcc_parity,0.4062467843400806,0.9007871433256806,0.5214021509340269,0.0616640432253545,0.1151553665939461,0.083276836158192,"{'l2': 0.0001, 'dropout': 0.14158904794172683}"
bank_dataset_reader,mlp_kreg_initializer,mcc_odds,0.4596776306680312,0.904394883568383,0.523356595195873,0.0636789645278416,0.0978200298687114,0.0915426277316971,"{'l2': 0.001, 'dropout': 0.10008276330866298}"
bank_dataset_reader,mlp_kreg_initializer,mcc_opportunity,0.4661404055148089,0.902918989832732,0.5259949028693063,0.0577413264913264,0.0891609264250773,0.0598544973544973,"{'l2': 0.0001, 'dropout': 0.14260709167890098}"
bank_dataset_reader,mlp_kreg_initializer,acc_parity,0.8338262492051332,0.9016070842899312,0.4942966402881726,0.0135539796625061,0.0677808350847979,0.0149786019971469,"{'l2': 0.001, 'dropout': 0.13882464051977678}"
bank_dataset_reader,mlp_kreg_initializer,acc_odds,0.7659012409378883,0.9009511315185308,0.5179792081175701,0.1350498905806424,0.2084056079488043,0.14393215480172,"{'l2': 0.0001, 'dropout': 0.03578593270514132}"
bank_dataset_reader,mlp_kreg_initializer,acc_opportunity,0.7530683581462043,0.8978353558543785,0.4949014038532863,0.1213738137899789,0.1566802525303488,0.1447669977081742,"{'l2': 0.01, 'dropout': 0.05658753325666402}"
compas_dataset_reader,mlp_kreg_initializer,mcc_parity,0.0760459285185833,0.63290113452188,0.2693803682524438,0.1709857279732539,0.1933344397338604,0.1455038360978955,"{'l2': 0.01, 'dropout': 0.1515225747074377}"
compas_dataset_reader,mlp_kreg_initializer,mcc_odds,0.0790715217798756,0.6523500810372771,0.2964083660422783,0.2173368442624026,0.2390891293504367,0.205286461827452,"{'l2': 0.0001, 'dropout': 0.04567917431402275}"
compas_dataset_reader,mlp_kreg_initializer,mcc_opportunity,0.081410380063333,0.6385737439222042,0.2600237864527988,0.2232894299879818,0.2386220205041203,0.1786134063894657,"{'l2': 0.01, 'dropout': 0.05845468747329348}"
compas_dataset_reader,mlp_kreg_initializer,acc_parity,0.4725773392581559,0.646677471636953,0.2866798107153054,0.1522886273182929,0.174100132378797,0.0951118733920636,"{'l2': 0.01, 'dropout': 0.028356553121479708}"
compas_dataset_reader,mlp_kreg_initializer,acc_odds,0.3936827426050683,0.6304700162074555,0.2549937032223789,0.2367872736023872,0.2476905856015082,0.1743238514222866,"{'l2': 0.0001, 'dropout': 0.169590545106728}"
compas_dataset_reader,mlp_kreg_initializer,acc_opportunity,0.488707587445112,0.6491085899513777,0.2858403569953799,0.2081115732320014,0.2264285714285714,0.1604010025062656,"{'l2': 0.001, 'dropout': 0.14624011887346333}"
german_dataset_reader,mlp_kreg_initializer,mcc_parity,0.2253061105359445,0.775,0.3696075811241798,0.1488959293394777,0.1443014705882352,0.1244047619047619,"{'l2': 0.001, 'dropout': 0.04410864405202268}"
german_dataset_reader,mlp_kreg_initializer,mcc_odds,0.39025091604902,0.76,0.4220602373320256,0.0318093212830055,0.0632478632478632,0.026581605528974,"{'l2': 0.01, 'dropout': 0.1959164152053608}"
german_dataset_reader,mlp_kreg_initializer,mcc_opportunity,0.2858602737030179,0.75,0.3155425479505095,0.1119890872128723,0.0813347236704901,0.0296822742474915,"{'l2': 0.0001, 'dropout': 0.19226582171447568}"
german_dataset_reader,mlp_kreg_initializer,acc_parity,0.6976190476190476,0.75,0.3613153871542164,0.0029851684263448,0.0523809523809524,0.0016968325791855,"{'l2': 0.01, 'dropout': 0.1916221449258914}"
german_dataset_reader,mlp_kreg_initializer,acc_odds,0.5274554871175647,0.77,0.3901889225095736,0.2425445128824353,0.213235294117647,0.1846120782290995,"{'l2': 0.0001, 'dropout': 0.09206408586397007}"
german_dataset_reader,mlp_kreg_initializer,acc_opportunity,0.661753057658707,0.69,0.219251443120585,0.0557901378373131,0.0002536783358701,0.0282469423412929,"{'l2': 0.01, 'dropout': 0.062028131077373455}"
adult_dataset_reader,mlp_kreg_initializer,mcc_parity,0.4002787123057584,0.8507462686567164,0.5766663442816257,0.0763075648408716,0.1763876319758672,0.0856003763960082,"{'l2': 0.001, 'dropout': 0.05158874532153215}"
adult_dataset_reader,mlp_kreg_initializer,mcc_odds,0.4667354115212403,0.8477611940298507,0.5803646711059679,0.1136292595847276,0.206376162734111,0.1382328702251579,"{'l2': 0.0001, 'dropout': 0.19870276869415526}"
adult_dataset_reader,mlp_kreg_initializer,mcc_opportunity,0.4560354627590268,0.8446655610834716,0.562984170441753,0.0884609684283599,0.1732084878632287,0.1069487076827261,"{'l2': 0.01, 'dropout': 0.1540324244207439}"
adult_dataset_reader,mlp_kreg_initializer,acc_parity,0.6536421336150099,0.8475400773908237,0.5785502324283627,0.0835956245623309,0.1938979437758138,0.0803184127365095,"{'l2': 0.01, 'dropout': 0.09232105273356561}"
adult_dataset_reader,mlp_kreg_initializer,acc_odds,0.6904300290355845,0.84212271973466,0.5763457624110658,0.1516926906990756,0.2370262806241991,0.1806088700068455,"{'l2': 0.01, 'dropout': 0.06477804398398893}"
adult_dataset_reader,mlp_kreg_initializer,acc_opportunity,0.7754968468609565,0.8543946932006633,0.5994316196553034,0.0830555459819422,0.1893438914027149,0.0788978463397067,"{'l2': 0.0001, 'dropout': 0.15380863948144663}"
bank_dataset_reader,mlp_kreg_initializer,mcc_parity,0.4017208830205426,0.9034109544112824,0.5438449658404184,0.105233444099464,0.1421240828198758,0.1449567214273096,"{'l2': 0.0001, 'dropout': 0.1601359304884558}"
bank_dataset_reader,mlp_kreg_initializer,mcc_odds,0.4172657448466352,0.895703509347327,0.5018202967216078,0.0845545518749725,0.0095161546399936,0.1591518401169875,"{'l2': 0.01, 'dropout': 0.13078437376193403}"
bank_dataset_reader,mlp_kreg_initializer,mcc_opportunity,0.3639683270396255,0.904394883568383,0.5347456888542038,0.1072537633143416,0.1290007804383892,0.1707773618145782,"{'l2': 0.01, 'dropout': 0.07940226366755151}"
bank_dataset_reader,mlp_kreg_initializer,acc_parity,0.8166414256569774,0.8983273204329288,0.5191836399411875,0.0346361536033703,0.0816858947759514,0.0306620209059232,"{'l2': 0.001, 'dropout': 0.1820221207213202}"
bank_dataset_reader,mlp_kreg_initializer,acc_odds,0.8103513477777706,0.9011151197113808,0.5211547631113234,0.0907637719336102,0.1116661303750466,0.137208540977047,"{'l2': 0.01, 'dropout': 0.09976251436479697}"
bank_dataset_reader,mlp_kreg_initializer,acc_opportunity,0.8754266250178789,0.8991472613971794,0.5159565174759938,0.0186320969752534,0.076678145488098,0.0237206363793004,"{'l2': 0.0001, 'dropout': 0.10052007318332962}"
compas_dataset_reader,mlp_kreg_initializer,mcc_parity,0.1217727160060397,0.6418152350081038,0.277720967758324,0.1455709609041226,0.1559482517522842,0.0917025346724056,"{'l2': 0.01, 'dropout': 0.07736630813947758}"
compas_dataset_reader,mlp_kreg_initializer,mcc_odds,0.1598021530317139,0.6539708265802269,0.3024980017914639,0.14269584875975,0.1729668207215285,0.1137967025532984,"{'l2': 0.0001, 'dropout': 0.07961563435425406}"
compas_dataset_reader,mlp_kreg_initializer,mcc_opportunity,0.1367794025340392,0.6474878444084279,0.2732561200981718,0.2023799499788722,0.2082420172027808,0.1364767175641326,"{'l2': 0.0001, 'dropout': 0.07942593840485422}"
compas_dataset_reader,mlp_kreg_initializer,acc_parity,0.4344342944292173,0.6256077795786061,0.2397295704531356,0.1752880250349164,0.1911734851493888,0.1245378086863229,"{'l2': 0.001, 'dropout': 0.01994306872537821}"
compas_dataset_reader,mlp_kreg_initializer,acc_odds,0.5093551945028006,0.653160453808752,0.2961395294961774,0.1438052593059513,0.170869558821366,0.0789453945394539,"{'l2': 0.0001, 'dropout': 0.18425177614575025}"
compas_dataset_reader,mlp_kreg_initializer,acc_opportunity,0.4857869203517386,0.6377633711507293,0.263315451489072,0.186420556226563,0.2038653366583541,0.1519764507989907,"{'l2': 0.01, 'dropout': 0.14251257366088044}"
german_dataset_reader,mlp_kreg_initializer,mcc_parity,0.2150713728045562,0.76,0.3476099422295211,0.1138497815094402,0.1325385694249649,0.1131484794275492,"{'l2': 0.001, 'dropout': 0.047564984438663124}"
german_dataset_reader,mlp_kreg_initializer,mcc_odds,0.243487333545353,0.775,0.4103742907573876,0.1668869572120346,0.1593006313744536,0.1048265460030165,"{'l2': 0.01, 'dropout': 0.033025601062581726}"
german_dataset_reader,mlp_kreg_initializer,mcc_opportunity,0.3617395864705289,0.78,0.3752776749732568,0.0617772544319878,0.0659340659340659,0.0135380885027278,"{'l2': 0.001, 'dropout': 0.0015054147489073424}"
german_dataset_reader,mlp_kreg_initializer,acc_parity,0.6895816464237517,0.78,0.4201951735661932,0.1906204906204906,0.0904183535762482,0.053968253968254,"{'l2': 0.0001, 'dropout': 0.042811496243500904}"
german_dataset_reader,mlp_kreg_initializer,acc_odds,0.7115236800207205,0.8,0.4726304186039512,0.0884763199792794,0.0260063319764812,0.0673035171515414,"{'l2': 0.001, 'dropout': 0.18043853583058192}"
german_dataset_reader,mlp_kreg_initializer,acc_opportunity,0.6569514661274015,0.775,0.4599195211250886,0.0995004574124897,0.0103548700248085,0.1180485338725985,"{'l2': 0.001, 'dropout': 0.05586155549434062}"
adult_dataset_reader,mlp_kreg_initializer,mcc_parity,0.3600276977089199,0.8436705362078496,0.5572071396467618,0.0932684998834155,0.1971794419378418,0.0875877036611411,"{'l2': 0.01, 'dropout': 0.19113459707840164}"
adult_dataset_reader,mlp_kreg_initializer,mcc_odds,0.4931435439917043,0.8503040353786623,0.5842952520259379,0.0911517080342336,0.1882309920051442,0.1079559070213276,"{'l2': 0.001, 'dropout': 0.12335684122034703}"
adult_dataset_reader,mlp_kreg_initializer,mcc_opportunity,0.482662929821168,0.8507462686567164,0.5781032544311715,0.086998635523363,0.1811908714611909,0.0954403246100035,"{'l2': 0.01, 'dropout': 0.14982954937793913}"
adult_dataset_reader,mlp_kreg_initializer,acc_parity,0.6666500411327541,0.8491984521835269,0.5669436985820104,0.0802959750075242,0.1825484110507727,0.078473490685089,"{'l2': 0.0001, 'dropout': 0.012903178774935476}"
adult_dataset_reader,mlp_kreg_initializer,acc_odds,0.7675090022294777,0.847208402432283,0.5745597178283868,0.0796994002028053,0.184024488887686,0.0832772082117289,"{'l2': 0.001, 'dropout': 0.13740747452699828}"
adult_dataset_reader,mlp_kreg_initializer,acc_opportunity,0.7334557007222006,0.8425649530127142,0.561604584960086,0.0988001150197664,0.1905974293255754,0.1091092522905136,"{'l2': 0.001, 'dropout': 0.19138625760211678}"
bank_dataset_reader,mlp_kreg_initializer,mcc_parity,0.3818703760909064,0.8986552968186291,0.504421823252546,0.1041354681442287,0.1225514471616395,0.1484883275928052,"{'l2': 0.0001, 'dropout': 0.00032952725112753156}"
bank_dataset_reader,mlp_kreg_initializer,mcc_odds,0.3986111176580315,0.9016070842899312,0.524504447572809,0.1258933299147775,0.1449787687230609,0.1782312005945543,"{'l2': 0.0001, 'dropout': 0.17862145283116124}"
bank_dataset_reader,mlp_kreg_initializer,mcc_opportunity,0.503982968956515,0.8993112495900295,0.5187737337472798,0.036617456500213,0.0989585606821191,0.0147907647907647,"{'l2': 0.0001, 'dropout': 0.16727203189207557}"
bank_dataset_reader,mlp_kreg_initializer,acc_parity,0.8504237547269978,0.9007871433256806,0.5218537019505229,0.0223630821681374,0.0503633885986827,0.0289367429340511,"{'l2': 0.0001, 'dropout': 0.08791778425945679}"
bank_dataset_reader,mlp_kreg_initializer,acc_odds,0.8209107312210819,0.8973433912758282,0.5104669575566599,0.0764326600547462,0.1270781523441098,0.1010183918528652,"{'l2': 0.001, 'dropout': 0.1236329713427849}"
bank_dataset_reader,mlp_kreg_initializer,acc_opportunity,0.6887753705743741,0.9048868481469334,0.5361642303273291,0.1255521401933508,0.1185470090420941,0.2161114775725593,"{'l2': 0.0001, 'dropout': 0.11183612405255244}"
compas_dataset_reader,mlp_kreg_initializer,mcc_parity,0.0880506590259152,0.6507293354943274,0.2928458283368316,0.1848486170599264,0.2047951693109163,0.1481501436781609,"{'l2': 0.01, 'dropout': 0.006384942479662944}"
compas_dataset_reader,mlp_kreg_initializer,mcc_odds,0.1246526972298439,0.6499189627228525,0.2898565639587155,0.1652038667288715,0.1945127042824764,0.1607866874195346,"{'l2': 0.01, 'dropout': 0.16295411326268186}"
compas_dataset_reader,mlp_kreg_initializer,mcc_opportunity,0.1382256868499245,0.6588330632090762,0.3051470008300621,0.185570051152443,0.208427009020246,0.1669213139801375,"{'l2': 0.001, 'dropout': 0.045356901108541}"
compas_dataset_reader,mlp_kreg_initializer,acc_parity,0.4631222886397317,0.6596434359805511,0.3116787695743488,0.1737345034161394,0.1965211473408193,0.0932814021421616,"{'l2': 0.01, 'dropout': 0.004364762112464868}"
compas_dataset_reader,mlp_kreg_initializer,acc_odds,0.365096716411576,0.6499189627228525,0.2840382484356499,0.2848222463112765,0.2935532935532935,0.1951215080626844,"{'l2': 0.0001, 'dropout': 0.04334825928024856}"
compas_dataset_reader,mlp_kreg_initializer,acc_opportunity,0.5518688910338001,0.6515397082658023,0.2943486877287171,0.1837987295506422,0.1938940092165898,0.0996708172320022,"{'l2': 0.01, 'dropout': 0.1322511636660287}"
german_dataset_reader,mlp_kreg_initializer,mcc_parity,0.159583857551639,0.725,0.2676154650525236,0.1397562582345191,0.1080316075008845,0.0961791831357048,"{'l2': 0.0001, 'dropout': 0.1257676043132799}"
german_dataset_reader,mlp_kreg_initializer,mcc_odds,0.2117220567777823,0.745,0.3212125841715355,0.1094905273937532,0.0262037340320996,0.0324731182795698,"{'l2': 0.001, 'dropout': 0.021922606857489736}"
german_dataset_reader,mlp_kreg_initializer,mcc_opportunity,0.1890674041194832,0.735,0.3319597421337724,0.265890613451589,0.2196177425171294,0.1428923380142892,"{'l2': 0.0001, 'dropout': 0.1343956367253056}"
german_dataset_reader,mlp_kreg_initializer,acc_parity,0.7251917297752133,0.73,0.3668996928526714,0.0599061591329633,0.0048082702247866,0.0830990315526398,"{'l2': 0.01, 'dropout': 0.1907332745486712}"
german_dataset_reader,mlp_kreg_initializer,acc_odds,0.6557212046474481,0.765,0.401035894758676,0.1092787953525518,0.0238095238095237,0.0747835213854631,"{'l2': 0.001, 'dropout': 0.09070648722620522}"
german_dataset_reader,mlp_kreg_initializer,acc_opportunity,0.6337837837837837,0.72,0.314467245528343,0.065486624732149,0.0449010654490106,0.0862162162162162,"{'l2': 0.01, 'dropout': 0.1265796331913466}"
